{
	"parent": "minecraft:item/generated",
	"textures": {
		"layer0": "minecraft:item/carrot"
	},
	"overrides": [
		{
			"predicate": { "custom_model_data": 761991},
			"model": "item/carat_carrot/carat_carrot"
		},
		{
			"predicate": { "custom_model_data": 761992},
			"model": "item/carat_carrot/diamond_carat_carrot"
		},
		{
			"predicate": { "custom_model_data": 761993},
			"model": "item/carat_carrot/iron_carat_carrot"
		},
		{
			"predicate": { "custom_model_data": 761994},
			"model": "item/carat_carrot/quartz_carat_carrot"
		}
	]
}