{
  "fafik77.popout": {
    "sounds": [
	  {
        "name":"fafik77:custom/popout"
      }
    ],
    "subtitle": "fafik77.popout"
  },

  "fafik77.removed_single": {
    "sounds": [
	  {
        "name":"fafik77:custom/removed_single"
      }
    ],
    "subtitle": "fafik77.removed"
  },
  
  "fafik77.removed_brushed": {
    "sounds": [
	  {
        "name":"fafik77:custom/removed-brushed"
      }
    ],
    "subtitle": "fafik77.removed_brushed"
  },

  "fafik77.function_fail": {
    "sounds": [
	  {
        "name":"fafik77:custom/function_fail"
      }
    ],
    "subtitle": "fafik77.function_fail"
  }
}