{
	"parent": "minecraft:item/generated",
	"textures": {
		"layer0": "minecraft:block/white_stained_glass"
	},
	
	"overrides": [
		{
			"predicate": { "custom_model_data": 376200},
			"model": "item/digits_signs_in_iframes/0"
		},
		{
			"predicate": { "custom_model_data": 376201},
			"model": "item/digits_signs_in_iframes/1"
		},
		{
			"predicate": { "custom_model_data": 376202},
			"model": "item/digits_signs_in_iframes/2"
		},
		{
			"predicate": { "custom_model_data": 376203},
			"model": "item/digits_signs_in_iframes/3"
		},
		{
			"predicate": { "custom_model_data": 376204},
			"model": "item/digits_signs_in_iframes/4"
		},
		{
			"predicate": { "custom_model_data": 376205},
			"model": "item/digits_signs_in_iframes/5"
		},
		{
			"predicate": { "custom_model_data": 376206},
			"model": "item/digits_signs_in_iframes/6"
		},
		{
			"predicate": { "custom_model_data": 376207},
			"model": "item/digits_signs_in_iframes/7"
		},
		{
			"predicate": { "custom_model_data": 376208},
			"model": "item/digits_signs_in_iframes/8"
		},
		{
			"predicate": { "custom_model_data": 376209},
			"model": "item/digits_signs_in_iframes/9"
		},
		{
			"predicate": { "custom_model_data": 376210},
			"model": "item/digits_signs_in_iframes/shift_0"
		},
		{
			"predicate": { "custom_model_data": 376211},
			"model": "item/digits_signs_in_iframes/shift_1"
		},
		{
			"predicate": { "custom_model_data": 376212},
			"model": "item/digits_signs_in_iframes/shift_2"
		},
		{
			"predicate": { "custom_model_data": 376213},
			"model": "item/digits_signs_in_iframes/shift_3"
		},
		{
			"predicate": { "custom_model_data": 376214},
			"model": "item/digits_signs_in_iframes/shift_4"
		},
		{
			"predicate": { "custom_model_data": 376215},
			"model": "item/digits_signs_in_iframes/shift_5"
		},
		{
			"predicate": { "custom_model_data": 376216},
			"model": "item/digits_signs_in_iframes/shift_6"
		},
		{
			"predicate": { "custom_model_data": 376217},
			"model": "item/digits_signs_in_iframes/shift_7"
		},
		{
			"predicate": { "custom_model_data": 376218},
			"model": "item/digits_signs_in_iframes/shift_8"
		},
		{
			"predicate": { "custom_model_data": 376219},
			"model": "item/digits_signs_in_iframes/shift_9"
		},
		{
			"predicate": { "custom_model_data": 376220},
			"model": "item/digits_signs_in_iframes/tilda"
		},
		{
			"predicate": { "custom_model_data": 376221},
			"model": "item/digits_signs_in_iframes/aprox_equals"
		},
		{
			"predicate": { "custom_model_data": 376222},
			"model": "item/digits_signs_in_iframes/minus"
		},
		{
			"predicate": { "custom_model_data": 376223},
			"model": "item/digits_signs_in_iframes/floor"
		},
		{
			"predicate": { "custom_model_data": 376224},
			"model": "item/digits_signs_in_iframes/plus"
		},
		{
			"predicate": { "custom_model_data": 376225},
			"model": "item/digits_signs_in_iframes/equals"
		},
		{
			"predicate": { "custom_model_data": 376226},
			"model": "item/digits_signs_in_iframes/less"
		},
		{
			"predicate": { "custom_model_data": 376227},
			"model": "item/digits_signs_in_iframes/greater"
		},
		{
			"predicate": { "custom_model_data": 376228},
			"model": "item/digits_signs_in_iframes/questionmark"
		},
		{
			"predicate": { "custom_model_data": 376229},
			"model": "item/digits_signs_in_iframes/slash"
		},
		{
			"predicate": { "custom_model_data": 376230},
			"model": "item/digits_signs_in_iframes/quotes"
		}
	]
}