{
  "parent": "builtin/entity",
  "gui_light": "front",
  "display": {
    "thirdperson_righthand": {
      "rotation": [
        0,
        90,
        0
      ],
      "translation": [
        10,
        6,
        -4
      ],
      "scale": [
        1,
        1,
        1
      ]
    },
    "thirdperson_lefthand": {
      "rotation": [
        0,
        90,
        0
      ],
      "translation": [
        10,
        6,
        12
      ],
      "scale": [
        1,
        1,
        1
      ]
    },
    "firstperson_righthand": {
      "rotation": [
        0,
        180,
        5
      ],
      "translation": [
        -10,
        2,
        -10
      ],
      "scale": [
        1.25,
        1.25,
        1.25
      ]
    },
    "firstperson_lefthand": {
      "rotation": [
        0,
        180,
        5
      ],
      "translation": [
        10,
        0,
        -10
      ],
      "scale": [
        1.25,
        1.25,
        1.25
      ]
    },
    "gui": {
      "rotation": [
        15,
        -25,
        -5
      ],
      "translation": [
        2,
        3,
        0
      ],
      "scale": [
        0.65,
        0.65,
        0.65
      ]
    },
    "fixed": {
      "rotation": [
        0,
        180,
        0
      ],
      "translation": [
        -2,
        4,
        -5
      ],
      "scale": [
        0.5,
        0.5,
        0.5
      ]
    },
    "ground": {
      "rotation": [
        0,
        0,
        0
      ],
      "translation": [
        4,
        4,
        2
      ],
      "scale": [
        0.25,
        0.25,
        0.25
      ]
    }
  },
  "overrides": [
    {
      "predicate": {
        "blocking": 1
      },
      "model": "items/shield_blocking"
    },
    {
      "predicate": {
        "custom_model_data": 1450300
      },
      "model": "incendium:items/necrotic_shield"
    },
    {
      "predicate": {
        "custom_model_data": 1450300,
        "blocking": 1
      },
      "model": "incendium:items/necrotic_shield/blocking"
    },
    {
      "predicate": {
        "custom_model_data": 1450301
      },
      "model": "incendium:items/prismatic_shield"
    },
    {
      "predicate": {
        "custom_model_data": 1450301,
        "blocking": 1
      },
      "model": "incendium:items/prismatic_shield/blocking"
    },
    {
      "predicate": {
        "custom_model_data": 1450302
      },
      "model": "incendium:items/radiation_shield"
    },
    {
      "predicate": {
        "custom_model_data": 1450302,
        "blocking": 1
      },
      "model": "incendium:items/radiation_shield/blocking"
    }
  ],
  "textures": {
    "particle": "blocks/planks_big_oak"
  }
}
