{
  "parent": "items/generated",
  "display": {
    "thirdperson_righthand": {
      "rotation": [
        -90,
        0,
        -60
      ],
      "translation": [
        2,
        0.1,
        -3
      ],
      "scale": [
        0.9,
        0.9,
        0.9
      ]
    },
    "thirdperson_lefthand": {
      "rotation": [
        -90,
        0,
        30
      ],
      "translation": [
        2,
        0.1,
        -3
      ],
      "scale": [
        0.9,
        0.9,
        0.9
      ]
    },
    "firstperson_righthand": {
      "rotation": [
        -90,
        0,
        -55
      ],
      "translation": [
        1.13,
        3.2,
        1.13
      ],
      "scale": [
        0.68,
        0.68,
        0.68
      ]
    },
    "firstperson_lefthand": {
      "rotation": [
        -90,
        0,
        35
      ],
      "translation": [
        1.13,
        3.2,
        1.13
      ],
      "scale": [
        0.68,
        0.68,
        0.68
      ]
    }
  },
  "overrides": [
    {
      "predicate": {
        "pulling": 1
      },
      "model": "items/crossbow_pulling_0"
    },
    {
      "predicate": {
        "pulling": 1,
        "pull": 0.58
      },
      "model": "items/crossbow_pulling_1"
    },
    {
      "predicate": {
        "pulling": 1,
        "pull": 1.0
      },
      "model": "items/crossbow_pulling_2"
    },
    {
      "predicate": {
        "charged": 1
      },
      "model": "items/crossbow_arrow"
    },
    {
      "predicate": {
        "charged": 1,
        "firework": 1
      },
      "model": "items/crossbow_firework"
    },
    {
      "predicate": {
        "custom_model_data": 1450100
      },
      "model": "incendium:items/patron/holy_wrath"
    },
    {
      "predicate": {
        "custom_model_data": 1450100,
        "pulling": 1
      },
      "model": "incendium:items/patron/holy_wrath/pulling_0"
    },
    {
      "predicate": {
        "custom_model_data": 1450100,
        "pulling": 1,
        "pull": 0.58
      },
      "model": "incendium:items/patron/holy_wrath/pulling_1"
    },
    {
      "predicate": {
        "custom_model_data": 1450100,
        "pulling": 1,
        "pull": 1.0
      },
      "model": "incendium:items/patron/holy_wrath/pulling_2"
    },
    {
      "predicate": {
        "custom_model_data": 1450100,
        "charged": 1
      },
      "model": "incendium:items/patron/holy_wrath/arrow"
    },
    {
      "predicate": {
        "custom_model_data": 1450100,
        "charged": 1,
        "firework": 1
      },
      "model": "incendium:items/patron/holy_wrath/firework"
    },
    {
      "predicate": {
        "custom_model_data": 1450101
      },
      "model": "incendium:items/firestorm"
    },
    {
      "predicate": {
        "custom_model_data": 1450101,
        "pulling": 1
      },
      "model": "incendium:items/firestorm/pulling_0"
    },
    {
      "predicate": {
        "custom_model_data": 1450101,
        "pulling": 1,
        "pull": 0.58
      },
      "model": "incendium:items/firestorm/pulling_1"
    },
    {
      "predicate": {
        "custom_model_data": 1450101,
        "pulling": 1,
        "pull": 1.0
      },
      "model": "incendium:items/firestorm/pulling_2"
    },
    {
      "predicate": {
        "custom_model_data": 1450101,
        "charged": 1
      },
      "model": "incendium:items/firestorm/arrow"
    },
    {
      "predicate": {
        "custom_model_data": 1450101,
        "charged": 1,
        "firework": 1
      },
      "model": "incendium:items/firestorm/firework"
    },
    {
      "predicate": {
        "custom_model_data": 1450102
      },
      "model": "incendium:items/multiplex"
    },
    {
      "predicate": {
        "custom_model_data": 1450102,
        "pulling": 1
      },
      "model": "incendium:items/multiplex/pulling_0"
    },
    {
      "predicate": {
        "custom_model_data": 1450102,
        "pulling": 1,
        "pull": 0.58
      },
      "model": "incendium:items/multiplex/pulling_1"
    },
    {
      "predicate": {
        "custom_model_data": 1450102,
        "pulling": 1,
        "pull": 1.0
      },
      "model": "incendium:items/multiplex/pulling_2"
    },
    {
      "predicate": {
        "custom_model_data": 1450102,
        "charged": 1
      },
      "model": "incendium:items/multiplex/arrow"
    },
    {
      "predicate": {
        "custom_model_data": 1450102,
        "charged": 1,
        "firework": 1
      },
      "model": "incendium:items/multiplex/firework"
    },
    {
      "predicate": {
        "custom_model_data": 1450103
      },
      "model": "incendium:items/sentrys_wrath"
    },
    {
      "predicate": {
        "custom_model_data": 1450103,
        "pulling": 1
      },
      "model": "incendium:items/sentrys_wrath/pulling_0"
    },
    {
      "predicate": {
        "custom_model_data": 1450103,
        "pulling": 1,
        "pull": 0.58
      },
      "model": "incendium:items/sentrys_wrath/pulling_1"
    },
    {
      "predicate": {
        "custom_model_data": 1450103,
        "pulling": 1,
        "pull": 1.0
      },
      "model": "incendium:items/sentrys_wrath/pulling_2"
    },
    {
      "predicate": {
        "custom_model_data": 1450103,
        "charged": 1
      },
      "model": "incendium:items/sentrys_wrath/arrow"
    },
    {
      "predicate": {
        "custom_model_data": 1450103,
        "charged": 1,
        "firework": 1
      },
      "model": "incendium:items/sentrys_wrath/firework"
    }
  ],
  "textures": {
    "layer0": "items/crossbow_standby"
  }
}
