{
  "parent": "items/handheld",
  "overrides": [
    {
      "predicate": {
        "custom_model_data": 1450000
      },
      "model": "incendium:items/patron/daybreaker"
    },
    {
      "predicate": {
        "custom_model_data": 1450001
      },
      "model": "incendium:items/patron/witherblade"
    },
    {
      "predicate": {
        "custom_model_data": 1450003
      },
      "model": "incendium:items/chilling"
    },
    {
      "predicate": {
        "custom_model_data": 1450004
      },
      "model": "incendium:items/sacrifice"
    },
    {
      "predicate": {
        "custom_model_data": 1450005
      },
      "model": "incendium:items/vampire"
    }
  ],
  "textures": {
    "layer0": "items/netherite_sword"
  }
}
